[{"id":0,"available":true,"name":"Mosaïque","services":[{"id":404,"desc":""}]},{"id":1,"available":true,"name":"TF1","services":[{"id":0,"desc":""},{"id":487,"desc":"HD"},{"id":333,"desc":"standard"},{"id":346,"desc":"bas débit"}]},{"id":2,"available":true,"name":"France 2","services":[{"id":0,"desc":""},{"id":419,"desc":"HD"},{"id":32,"desc":"standard"},{"id":347,"desc":"bas débit"}]},{"id":3,"available":true,"name":"France 3","services":[{"id":32001,"desc":"Champagne-Ardenne"},{"id":0,"desc":""},{"id":33,"desc":"national standard"},{"id":348,"desc":"national bas débit"},{"id":207,"desc":"Alsace"},{"id":208,"desc":"Provence-Alpes-Côte-d'Azur"},{"id":209,"desc":"Aquitaine"},{"id":210,"desc":"Auvergne"},{"id":38,"desc":"Bourgogne"},{"id":39,"desc":"Bretagne"},{"id":211,"desc":"Centre"},{"id":212,"desc":"Champagne-Ardenne"},{"id":340,"desc":"Corse"},{"id":213,"desc":"Côte-d'Azur"},{"id":214,"desc":"Franche-Comté"},{"id":215,"desc":"Languedoc-Roussillon"},{"id":43,"desc":"Limousin"},{"id":216,"desc":"Lorraine"},{"id":217,"desc":"Midi-Pyrénées"},{"id":11,"desc":"Nord-Pas-de-Calais"},{"id":12,"desc":"Haute-Normandie"},{"id":13,"desc":"Basse-Normandie"},{"id":218,"desc":"Ile-de-France"},{"id":59,"desc":"Pays de la Loire"},{"id":60,"desc":"Picardie"},{"id":61,"desc":"Poitou-Charentes"},{"id":62,"desc":"Provence-Alpes"},{"id":49,"desc":"Rhône-Alpes"}]},{"id":4,"available":true,"name":"Canal+","services":[{"id":34,"desc":""}]},{"id":5,"available":true,"name":"France 5","services":[{"id":0,"desc":""},{"id":35,"desc":"standard"},{"id":349,"desc":"bas débit"}]},{"id":6,"available":true,"name":"M6","services":[{"id":0,"desc":""},{"id":417,"desc":"HD"},{"id":334,"desc":"standard"},{"id":350,"desc":"bas débit"}]},{"id":7,"available":true,"name":"Arte","services":[{"id":0,"desc":""},{"id":514,"desc":"HD"},{"id":63,"desc":"standard"},{"id":351,"desc":"bas débit"}]},{"id":8,"available":true,"name":"Direct 8","services":[{"id":0,"desc":""},{"id":64,"desc":"standard"},{"id":352,"desc":"bas débit"}]},{"id":9,"available":true,"name":"W9","services":[{"id":0,"desc":""},{"id":65,"desc":"standard"},{"id":353,"desc":"bas débit"}]},{"id":10,"available":true,"name":"TMC","services":[{"id":0,"desc":""},{"id":332,"desc":"standard"},{"id":354,"desc":"bas débit"}]},{"id":11,"available":true,"name":"NT1","services":[{"id":0,"desc":""},{"id":29,"desc":"standard"},{"id":355,"desc":"bas débit"}]},{"id":12,"available":true,"name":"NRJ 12","services":[{"id":0,"desc":""},{"id":339,"desc":"HD"},{"id":293,"desc":"standard"},{"id":356,"desc":"bas débit"}]},{"name":"La Chaîne Parlementaire","services":[{"id":0,"desc":""},{"id":68,"desc":"standard"},{"id":357,"desc":"bas débit"}],"id":13,"short_name":"LCP","available":true},{"id":14,"available":true,"name":"France 4","services":[{"id":0,"desc":""},{"id":69,"desc":"standard"},{"id":358,"desc":"bas débit"}]},{"id":15,"available":true,"name":"BFM TV","services":[{"id":0,"desc":""},{"id":383,"desc":"standard"},{"id":359,"desc":"bas débit"}]},{"id":16,"available":true,"name":"i> TELE","services":[{"id":0,"desc":""},{"id":384,"desc":"standard"},{"id":360,"desc":"bas débit"}]},{"id":17,"available":true,"name":"Virgin 17","services":[{"id":0,"desc":""},{"id":385,"desc":"standard"},{"id":361,"desc":"bas débit"}]},{"id":18,"available":true,"name":"Gulli","services":[{"id":0,"desc":""},{"id":386,"desc":"standard"},{"id":362,"desc":"bas débit"}]},{"id":19,"name":"Paris Première","services":[{"id":0,"desc":""},{"id":598,"desc":"bas débit"},{"id":330,"desc":"standard"}]},{"id":20,"name":"TEVA","services":[{"id":0,"desc":""},{"id":599,"desc":"bas débit"},{"id":18,"desc":"standard"}]},{"id":21,"available":true,"name":"RTL9","services":[{"id":0,"desc":""},{"id":469,"desc":"bas débit"},{"id":75,"desc":"standard"}]},{"id":22,"available":true,"name":"AB 1","services":[{"id":0,"desc":""},{"id":470,"desc":"bas débit"},{"id":76,"desc":"standard"}]},{"id":23,"name":"Sport+","services":[{"id":387,"desc":""}]},{"id":24,"available":true,"name":"TV5","services":[{"id":77,"desc":""}]},{"id":26,"name":"Jimmy","services":[{"id":425,"desc":""}]},{"id":27,"short_name":"E!","name":"E! Entertainment","services":[{"id":490,"desc":""}]},{"id":28,"name":"MyZen.tv","services":[{"id":0,"desc":""},{"id":516,"desc":"HD"},{"id":515,"desc":"standard"}]},{"id":29,"name":"Cinécinéma Famiz","services":[{"id":424,"desc":""}]},{"id":30,"name":"Cinécinéma Star","services":[{"id":388,"desc":""}]},{"id":31,"name":"Cinécinéma Club","services":[{"id":389,"desc":""}]},{"id":32,"name":"Cinécinéma Classic","services":[{"id":390,"desc":""}]},{"id":33,"available":true,"name":"FHV Home Video","services":[{"id":0,"desc":""},{"id":405,"desc":"standard"},{"id":406,"desc":"bas débit"}]},{"id":34,"name":"TPS Star","services":[{"id":391,"desc":""}]},{"id":35,"name":"Action","services":[{"id":0,"desc":""},{"id":476,"desc":"bas débit"},{"id":128,"desc":"standard"}]},{"id":34,"name":"Ciné Polar","services":[{"id":0,"desc":""},{"id":473,"desc":"bas débit"},{"id":129,"desc":"standard"}]},{"id":35,"name":"Ciné FX","services":[{"id":0,"desc":""},{"id":472,"desc":"bas débit"},{"id":130,"desc":"standard"}]},{"id":38,"name":"TCM","services":[{"id":403,"desc":""}]},{"id":39,"name":"Ciné First","services":[{"id":0,"desc":""},{"id":482,"desc":"bas débit"},{"id":442,"desc":"standard"}]},{"id":40,"available":true,"name":"Frissons Extremes","services":[{"id":409,"desc":""}]},{"id":41,"available":true,"name":"C+ Cinema","services":[{"id":219,"desc":""}]},{"id":42,"available":true,"name":"C+ Sport","services":[{"id":220,"desc":""}]},{"id":43,"available":true,"name":"C+ Decale","services":[{"id":221,"desc":""}]},{"id":44,"available":true,"name":"C+ Family","services":[{"id":400,"desc":""}]},{"id":45,"name":"Sundance","services":[{"id":0,"desc":""},{"id":564,"desc":"HD"},{"id":565,"desc":"bas débit"},{"id":566,"desc":"standard"}]},{"id":46,"short_name":"Nat Geo HD ","name":"National Geographic HD","services":[{"id":381,"desc":""}]},{"id":47,"name":"If Télévision","services":[{"id":0,"desc":""},{"id":586,"desc":"HD"},{"id":585,"desc":"standard"}]},{"id":49,"short_name":"La Ferme des C...","name":"La Ferme Célébrités en Afrique","services":[{"id":550,"desc":""}]},{"id":50,"name":"MCM","services":[{"id":343,"desc":""}]},{"id":51,"name":"MCM TOP","services":[{"id":345,"desc":""}]},{"id":52,"name":"MCM POP","services":[{"id":344,"desc":""}]},{"id":53,"name":"I-Concerts SD","services":[{"id":491,"desc":""}]},{"id":54,"name":"I-Concerts HD","services":[{"id":308,"desc":""}]},{"id":55,"available":true,"name":"I-Concerts Jukebox","services":[{"id":307,"desc":""}]},{"id":56,"name":"C Music","services":[{"id":402,"desc":""}]},{"id":57,"name":"VH1","services":[{"id":92,"desc":""}]},{"id":58,"name":"VH1 Classic","services":[{"id":93,"desc":""}]},{"id":59,"available":true,"name":"NRJ Hits","services":[{"id":0,"desc":""},{"id":342,"desc":"standard"},{"id":612,"desc":"bas débit"}]},{"id":60,"name":"M6 Music Hits","services":[{"id":0,"desc":""},{"id":600,"desc":"bas débit"},{"id":84,"desc":"standard"}]},{"id":61,"name":"M6 Music Club","services":[{"id":0,"desc":""},{"id":601,"desc":"bas débit"},{"id":85,"desc":"standard"}]},{"id":62,"name":"M6 Music Black","services":[{"id":0,"desc":""},{"id":602,"desc":"bas débit"},{"id":86,"desc":"standard"}]},{"id":63,"name":"Trace Tropical","services":[{"id":513,"desc":""}]},{"id":64,"name":"Trace TV","services":[{"id":95,"desc":""}]},{"id":65,"name":"Brava HD","services":[{"id":569,"desc":""}]},{"id":66,"name":"NatGeo Music","services":[{"id":512,"desc":""}]},{"id":67,"name":"Télé Mélody","services":[{"id":94,"desc":""}]},{"id":68,"name":"Mezzo","services":[{"id":97,"desc":""}]},{"id":69,"name":"Jukebox","services":[{"id":501,"desc":""}]},{"id":70,"name":"Rock TV","services":[{"id":502,"desc":""}]},{"id":71,"name":"Relax TV","services":[{"id":503,"desc":""}]},{"id":72,"available":true,"name":"Clubbing TV","services":[{"id":0,"desc":""},{"id":510,"desc":"bas débit"},{"id":511,"desc":"standard"}]},{"id":73,"name":"Karaoke channel","services":[{"id":337,"desc":""}]},{"id":80,"available":true,"name":"BFM TV","services":[{"id":70,"desc":""}]},{"id":81,"available":true,"name":"i>TELE","services":[{"id":71,"desc":""}]},{"id":82,"available":true,"name":"Euronews","services":[{"id":36,"desc":""}]},{"id":83,"available":true,"name":"Bloomberg TV","services":[{"id":106,"desc":""}]},{"id":84,"short_name":"CNN","name":"CNN International","services":[{"id":107,"desc":""}]},{"name":"Al Jazeera International","services":[{"id":328,"desc":""}],"id":85,"short_name":"Al Jazeera Int.","available":true},{"id":86,"name":"BBC World News","services":[{"id":109,"desc":""}]},{"name":"Sky News International","services":[{"id":110,"desc":""}],"id":87,"short_name":"Sky News Int.","available":true},{"id":88,"available":true,"name":"Guysen TV","services":[{"id":392,"desc":""}]},{"id":89,"available":true,"name":"CNBC","services":[{"id":108,"desc":""}]},{"name":"LCP - Assemblée Nationale 24h\/24","services":[{"id":415,"desc":""}],"id":90,"short_name":"LCP-AN 24h\/24","available":true},{"id":91,"available":true,"name":"Public Sénat","services":[{"id":420,"desc":""}]},{"id":92,"available":true,"name":"Medi 1 sat","services":[{"id":461,"desc":""}]},{"name":"Ma Chaîne Etudiante","services":[{"id":580,"desc":""}],"id":93,"short_name":"MCE","available":true},{"id":94,"name":"Arretsurimages.tv","services":[{"id":483,"desc":""}]},{"id":95,"available":true,"name":"France 24","services":[{"id":484,"desc":""}]},{"name":"France 24 English","services":[{"id":485,"desc":""}],"id":96,"short_name":"France 24 En","available":true},{"name":"France 24 Arab","services":[{"id":486,"desc":""}],"id":97,"short_name":"France 24 Ar","available":true},{"id":98,"name":"Fox News","services":[{"id":583,"desc":""}]},{"id":99,"available":true,"name":"TV Perso freebox","services":[{"id":407,"desc":""}]},{"id":100,"available":true,"name":"FHV Home Video","services":[{"id":0,"desc":""},{"id":405,"desc":"standard"},{"id":406,"desc":"bas débit"}]},{"id":101,"available":true,"name":"CANALPLAY","services":[{"id":303,"desc":""}]},{"id":102,"available":true,"name":"CANALPLAY KIDS","services":[{"id":305,"desc":""}]},{"id":103,"available":true,"name":"Academy TV","services":[{"id":584,"desc":""}]},{"id":104,"available":true,"name":"Frissons Extremes","services":[{"id":410,"desc":""}]},{"id":105,"available":true,"name":"Vodmania","services":[{"id":306,"desc":""}]},{"id":106,"available":true,"name":"VODEO.TV (VOD)","services":[{"id":408,"desc":""}]},{"id":109,"name":"KidsCo","services":[{"id":548,"desc":""}]},{"id":110,"available":true,"name":"Gulli","services":[{"id":73,"desc":""}]},{"id":112,"name":"Boomerang","services":[{"id":329,"desc":""}]},{"id":113,"name":"Baby TV","services":[{"id":393,"desc":""}]},{"id":114,"name":"Télétoon","services":[{"id":394,"desc":""}]},{"id":115,"name":"Piwi","services":[{"id":395,"desc":""}]},{"id":116,"name":"Mangas","services":[{"id":0,"desc":""},{"id":475,"desc":"bas débit"},{"id":82,"desc":"standard"}]},{"id":117,"name":"KZTV","services":[{"id":547,"desc":""}]},{"id":118,"available":true,"name":"Game One","services":[{"id":83,"desc":""}]},{"id":119,"available":true,"name":"Game One Music HD","services":[{"id":545,"desc":""}]},{"id":120,"available":true,"name":"W9","services":[{"id":396,"desc":""}]},{"id":121,"available":true,"name":"NRJ 12","services":[{"id":397,"desc":""}]},{"id":123,"available":true,"name":"Nolife","services":[{"id":380,"desc":""}]},{"id":124,"name":"GONG","services":[{"id":559,"desc":""}]},{"id":125,"available":true,"name":"Fashion TV","services":[{"id":115,"desc":""}]},{"id":126,"name":"FTV HD","services":[{"id":3,"desc":""}]},{"id":127,"available":true,"name":"World Fashion","services":[{"id":455,"desc":""}]},{"id":128,"short_name":"Purescreens HD","name":"Purescreens HD NATURE","services":[{"id":574,"desc":""}]},{"name":"Souvenirs from Earth","services":[{"id":441,"desc":""}],"id":129,"short_name":"Souv. from Earth","available":true},{"id":131,"available":true,"name":"Renault TV","services":[{"id":607,"desc":""}]},{"id":134,"short_name":"MCS Premium","name":"Ma Chaîne Sport Premium","services":[{"id":505,"desc":""}]},{"id":135,"short_name":"MCS Extrême","name":"Ma Chaîne Sport Extrême","services":[{"id":506,"desc":""}]},{"id":137,"short_name":"Ligue 2 (1)","name":"Ligue 2 (Canal 1)","services":[{"id":507,"desc":""}]},{"id":138,"short_name":"Ligue 2 (2)","name":"Ligue 2 (Canal 2)","services":[{"id":508,"desc":""}]},{"id":139,"short_name":"Ligue 2 (3)","name":"Ligue 2 (Canal 3)","services":[{"id":509,"desc":""}]},{"id":140,"name":"Sport+","services":[{"id":398,"desc":""}]},{"id":141,"available":true,"name":"Equidia","services":[{"id":101,"desc":""}]},{"id":142,"short_name":"ESPN C.S.","name":"ESPN Classic Sport","services":[{"id":102,"desc":""}]},{"id":143,"available":true,"name":"AB Moteurs","services":[{"id":0,"desc":""},{"id":471,"desc":"bas débit"},{"id":103,"desc":"standard"}]},{"id":144,"name":"Motors TV","services":[{"id":104,"desc":""}]},{"id":145,"available":true,"name":"Poker Channel","services":[{"id":341,"desc":""}]},{"id":146,"name":"OLTV","services":[{"id":422,"desc":""}]},{"id":147,"short_name":"Footschool TV","name":"Footschool","services":[{"id":423,"desc":""}]},{"id":148,"short_name":"PFC","name":"Premiere Futebol Clube","services":[{"id":499,"desc":""}]},{"id":149,"available":true,"name":"Physique TV","services":[{"id":609,"desc":""}]},{"id":150,"name":"Travel Channel","services":[{"id":518,"desc":""}]},{"id":152,"available":true,"name":"France ô","services":[{"id":78,"desc":""}]},{"id":153,"name":"Yacht And Sail","services":[{"id":116,"desc":""}]},{"id":154,"available":true,"name":"Liberty TV","services":[{"id":5,"desc":""}]},{"id":155,"name":"Escales","services":[{"id":0,"desc":""},{"id":478,"desc":"bas débit"},{"id":120,"desc":"standard"}]},{"id":156,"name":"Odyssée","services":[{"id":335,"desc":""}]},{"id":157,"available":true,"name":"Luxe.TV","services":[{"id":0,"desc":""},{"id":488,"desc":"HD"},{"id":41,"desc":"standard"}]},{"id":158,"name":"Histoire","services":[{"id":122,"desc":""}]},{"id":159,"name":"Toute l'Histoire","services":[{"id":0,"desc":""},{"id":477,"desc":"bas débit"},{"id":121,"desc":"standard"}]},{"id":160,"name":"Animaux","services":[{"id":0,"desc":""},{"id":480,"desc":"bas débit"},{"id":117,"desc":"standard"}]},{"id":161,"name":"Chasse et pêche","services":[{"id":0,"desc":""},{"id":479,"desc":"bas débit"},{"id":118,"desc":"standard"}]},{"id":162,"name":"Encyclopédia","services":[{"id":0,"desc":""},{"id":474,"desc":"bas débit"},{"id":119,"desc":"standard"}]},{"id":163,"available":true,"name":"Demain.tv","services":[{"id":114,"desc":""}]},{"id":164,"available":true,"name":"KTO","services":[{"id":111,"desc":""}]},{"id":165,"available":true,"name":"Beur TV","services":[{"id":113,"desc":""}]},{"id":166,"name":"Berbère TV","services":[{"id":123,"desc":""}]},{"id":167,"name":"3A Telesud","services":[{"id":124,"desc":""}]},{"id":168,"available":true,"name":"TNA","services":[{"id":314,"desc":""}]},{"id":169,"available":true,"name":"Freenews TV","services":[{"id":37,"desc":""}]},{"id":170,"name":"Frissons Extremes","services":[{"id":411,"desc":""}]},{"id":171,"available":true,"name":"Dorcel la totale","services":[{"id":535,"desc":""}]},{"id":172,"available":true,"name":"Gay VOD Club","services":[{"id":536,"desc":""}]},{"id":173,"available":true,"name":"Duosexy.com","services":[{"id":605,"desc":""}]},{"id":176,"name":"Penthouse HD","services":[{"id":577,"desc":""}]},{"id":177,"name":"Penthouse HD 1","services":[{"id":578,"desc":""}]},{"id":178,"name":"Penthouse HD 2","services":[{"id":579,"desc":""}]},{"id":179,"name":"Private Spice","services":[{"id":131,"desc":""}]},{"id":180,"name":"Private Spice J-1","services":[{"id":299,"desc":"J-1"}]},{"id":181,"name":"Private Spice J-2","services":[{"id":277,"desc":"J-2"}]},{"id":182,"name":"Private Spice J-3","services":[{"id":276,"desc":"J-3"}]},{"id":183,"name":"Hustler TV","services":[{"id":132,"desc":""}]},{"id":184,"name":"Blue Hustler","services":[{"id":133,"desc":""}]},{"id":185,"name":"XXL","services":[{"id":0,"desc":""},{"id":481,"desc":"bas débit"},{"id":134,"desc":"standard"}]},{"id":186,"name":"XXX Xtreme","services":[{"id":135,"desc":""}]},{"id":187,"name":"Dorcel TV","services":[{"id":136,"desc":""}]},{"id":188,"name":"Pink TV","services":[{"id":80,"desc":""}]},{"id":189,"name":"Man-X","services":[{"id":401,"desc":""}]},{"id":191,"available":true,"name":"M6 Boutique","services":[{"id":0,"desc":""},{"id":603,"desc":"bas débit"},{"id":138,"desc":"standard"}]},{"id":192,"available":true,"name":"France Teleachat","services":[{"id":0,"desc":""},{"id":567,"desc":"HD"},{"id":568,"desc":"standard"}]},{"id":193,"available":true,"name":"Best of Shopping","services":[{"id":0,"desc":""},{"id":604,"desc":"bas débit"},{"id":137,"desc":"standard"}]},{"id":194,"available":true,"name":"Astrologie.com","services":[{"id":597,"desc":""}]},{"id":195,"available":true,"name":"Astro Center TV","services":[{"id":139,"desc":""}]},{"id":196,"available":true,"name":"Cash TV","services":[{"id":326,"desc":""}]},{"id":199,"available":true,"name":"Radio","services":[{"id":125,"desc":""}]},{"id":200,"available":true,"name":"TLM","services":[{"id":140,"desc":""}]},{"id":201,"available":true,"name":"TLT - Toulouse","services":[{"id":141,"desc":""}]},{"id":202,"available":true,"name":"TV7 Bordeaux","services":[{"id":142,"desc":""}]},{"id":203,"available":true,"name":"TV8 Mont-Blanc","services":[{"id":143,"desc":""}]},{"id":204,"available":true,"name":"TéléGrenoble","services":[{"id":144,"desc":""}]},{"id":205,"available":true,"name":"Telif","services":[{"id":145,"desc":""}]},{"id":206,"available":true,"name":"La Locale","services":[{"id":146,"desc":""}]},{"id":207,"available":true,"name":"Normandie TV","services":[{"id":147,"desc":""}]},{"name":"Télénantes Nantes 7","services":[{"id":148,"desc":""}],"id":208,"short_name":"Telenantes Nantes 7","available":true},{"name":"La Chaîne Marseille","services":[{"id":149,"desc":""}],"id":209,"short_name":"LCM","available":true},{"id":210,"available":true,"name":"Clermont Première","services":[{"id":150,"desc":""}]},{"id":211,"available":true,"name":"TV Tours","services":[{"id":327,"desc":""}]},{"id":212,"available":true,"name":"NRJ Paris","services":[{"id":0,"desc":""},{"id":412,"desc":"standard"},{"id":613,"desc":"bas débit"}]},{"id":213,"available":true,"name":"CAP 24","services":[{"id":414,"desc":""}]},{"id":214,"available":true,"name":"IDF 1","services":[{"id":416,"desc":""}]},{"name":"Locales Ile de France","services":[{"id":500,"desc":""}],"id":215,"short_name":"Locales IDF","available":true},{"id":216,"available":true,"name":"Alsace 20","services":[{"id":497,"desc":""}]},{"id":217,"available":true,"name":"Telessonne","services":[{"id":498,"desc":""}]},{"id":219,"available":true,"name":"Wéo","services":[{"id":581,"desc":""}]},{"id":220,"available":true,"name":"Grand Lille TV","services":[{"id":575,"desc":""}]},{"id":221,"available":true,"name":"TV34","services":[{"id":610,"desc":""}]},{"id":250,"name":"RTB","services":[{"id":520,"desc":""}]},{"id":251,"name":"ORTB","services":[{"id":556,"desc":""}]},{"id":253,"name":"Canal 2","services":[{"id":527,"desc":""}]},{"id":254,"name":"CRTV","services":[{"id":528,"desc":""}]},{"id":255,"name":"STV2","services":[{"id":529,"desc":""}]},{"id":256,"name":"Equinoxe","services":[{"id":582,"desc":""}]},{"id":258,"name":"Télécongo","services":[{"id":530,"desc":""}]},{"id":261,"short_name":"RTI","name":"RTI - La Première","services":[{"id":521,"desc":""}]},{"id":272,"name":"ORTM","services":[{"id":531,"desc":""}]},{"id":275,"name":"2STV","services":[{"id":532,"desc":""}]},{"id":276,"name":"RTS","services":[{"id":533,"desc":""}]},{"id":277,"short_name":"LCF","name":"La Chaine du futur","services":[{"id":611,"desc":""}]},{"id":280,"name":"Nollywood","services":[{"id":546,"desc":""}]},{"id":285,"name":"Africable","services":[{"id":534,"desc":""}]},{"id":286,"available":true,"name":"Vox Africa","services":[{"id":519,"desc":""}]},{"name":"Canal Info News","services":[{"id":539,"desc":""}],"id":287,"short_name":"C. Info News","available":true},{"id":289,"name":"Africabox","services":[{"id":557,"desc":""}]},{"name":"Antenne Caraïbes International","services":[{"id":40,"desc":""}],"id":290,"short_name":"ACI","available":true},{"id":291,"available":true,"name":"MBOA TV","services":[{"id":587,"desc":""}]},{"name":"France 3 national","services":[{"id":48,"desc":""}],"id":300,"short_name":"France 3","available":true},{"id":301,"available":true,"name":"France 3 Alsace","services":[{"id":207,"desc":""}]},{"id":302,"available":true,"name":"France 3 Alpes","services":[{"id":208,"desc":""}]},{"id":303,"available":true,"name":"France 3 Aquitaine","services":[{"id":209,"desc":""}]},{"id":304,"available":true,"name":"France 3 Auvergne","services":[{"id":210,"desc":""}]},{"id":305,"available":true,"name":"France 3 Bourgogne","services":[{"id":38,"desc":""}]},{"id":306,"available":true,"name":"France 3 Bretagne","services":[{"id":39,"desc":""}]},{"id":307,"available":true,"name":"France 3 Centre","services":[{"id":211,"desc":""}]},{"name":"France 3 Champagne-Ardenne","services":[{"id":212,"desc":""}],"id":308,"short_name":"France 3 Champ.-Ard","available":true},{"id":309,"available":true,"name":"France 3 Corse","services":[{"id":340,"desc":""}]},{"name":"France 3 Côte-d'Azur","services":[{"id":213,"desc":""}],"id":310,"short_name":"France 3 Cote-d'Azur","available":true},{"name":"France 3 Franche-Comté","services":[{"id":214,"desc":""}],"id":311,"short_name":"France 3 F-Comté","available":true},{"name":"France 3 Languedoc-Roussillon","services":[{"id":215,"desc":""}],"id":312,"short_name":"France 3 Languedoc","available":true},{"id":313,"available":true,"name":"France 3 Limousin","services":[{"id":43,"desc":""}]},{"id":314,"available":true,"name":"France 3 Lorraine","services":[{"id":216,"desc":""}]},{"name":"France 3 Midi Pyrénées","services":[{"id":217,"desc":""}],"id":315,"short_name":"France 3 Midi Pyren.","available":true},{"name":"France 3 Nord Pas-de-Calais","services":[{"id":11,"desc":""}],"id":316,"short_name":"France 3 Nord PdC","available":true},{"name":"France 3 Haute-Normandie","services":[{"id":12,"desc":""}],"id":317,"short_name":"France 3 H. Norm.","available":true},{"name":"France 3 Basse-Normandie","services":[{"id":13,"desc":""}],"id":318,"short_name":"France 3 B. Norm.","available":true},{"name":"France 3 Paris Ile-de-France","services":[{"id":218,"desc":""}],"id":319,"short_name":"France 3 Paris IdF","available":true},{"name":"France 3 Pays de Loire","services":[{"id":59,"desc":""}],"id":320,"short_name":"France 3 Pays Loire","available":true},{"id":321,"available":true,"name":"France 3 Picardie","services":[{"id":60,"desc":""}]},{"name":"France 3 Poitou-Charentes","services":[{"id":61,"desc":""}],"id":322,"short_name":"France 3 Poitou-C.","available":true},{"name":"France 3 Provence-Alpes","services":[{"id":62,"desc":""}],"id":323,"short_name":"France 3 Prov.-Alpes","available":true},{"name":"France 3 Rhône-Alpes","services":[{"id":49,"desc":""}],"id":324,"short_name":"France 3 R.-Alpes","available":true},{"name":"Mosaïque F3","services":[{"id":14,"desc":""}],"id":325,"short_name":"Mosaïque France 3","available":true},{"id":451,"available":true,"name":"TF1","services":[{"id":346,"desc":""}]},{"id":452,"available":true,"name":"France 2","services":[{"id":347,"desc":""}]},{"id":453,"available":true,"name":"France 3","services":[{"id":348,"desc":"national"}]},{"id":455,"available":true,"name":"France 5","services":[{"id":349,"desc":""}]},{"id":456,"available":true,"name":"M6","services":[{"id":350,"desc":""}]},{"id":457,"available":true,"name":"Arte","services":[{"id":351,"desc":""}]},{"id":458,"available":true,"name":"Direct 8","services":[{"id":352,"desc":""}]},{"id":459,"available":true,"name":"W9","services":[{"id":353,"desc":""}]},{"id":460,"available":true,"name":"TMC","services":[{"id":354,"desc":""}]},{"id":461,"available":true,"name":"NT1","services":[{"id":355,"desc":""}]},{"id":462,"available":true,"name":"NRJ 12","services":[{"id":356,"desc":""}]},{"name":"La Chaîne Parlementaire","services":[{"id":357,"desc":""}],"id":463,"short_name":"LCP","available":true},{"id":464,"available":true,"name":"France 4","services":[{"id":358,"desc":""}]},{"id":465,"available":true,"name":"BFM TV","services":[{"id":359,"desc":""}]},{"id":466,"available":true,"name":"i>TELE","services":[{"id":360,"desc":""}]},{"id":467,"available":true,"name":"Virgin 17","services":[{"id":361,"desc":""}]},{"id":468,"available":true,"name":"Gulli","services":[{"id":362,"desc":""}]},{"id":500,"name":"CCTV4","services":[{"id":4,"desc":""}]},{"id":501,"available":true,"name":"CCTV 9","services":[{"id":27,"desc":""}]},{"id":502,"available":true,"name":"CCTV F","services":[{"id":28,"desc":""}]},{"id":503,"name":"CCTV Divertissement","services":[{"id":6,"desc":""}]},{"id":504,"name":"La chaîne chinoise","services":[{"id":7,"desc":""}]},{"id":505,"name":"Beijing TV","services":[{"id":8,"desc":""}]},{"id":506,"name":"Shanghai Dragon TV","services":[{"id":9,"desc":""}]},{"id":507,"short_name":"La chaine de Jiangsu","name":"La chaîne internationale de Jiangsu","services":[{"id":10,"desc":""}]},{"id":508,"name":"Hunan Satellite TV","services":[{"id":151,"desc":""}]},{"id":509,"name":"Xiamen Star TV","services":[{"id":152,"desc":""}]},{"id":510,"name":"Zhejiang Star TV","services":[{"id":153,"desc":""}]},{"id":511,"short_name":"Guangdong S. TV","name":"Guangdong Southern TV","services":[{"id":154,"desc":""}]},{"id":512,"name":"Phoenix Infonews","services":[{"id":313,"desc":""}]},{"id":513,"short_name":"Phoenix Chinese","name":"Phoenix Chinese News and Entertainment","services":[{"id":155,"desc":""}]},{"id":514,"name":"Zee TV","services":[{"id":156,"desc":""}]},{"id":515,"name":"Zee Cinema","services":[{"id":157,"desc":""}]},{"id":517,"available":true,"name":"Apsara TV","services":[{"id":399,"desc":""}]},{"id":518,"name":"UTV Movies","services":[{"id":543,"desc":""}]},{"name":"Euronews Arabe","services":[{"id":421,"desc":""}],"id":519,"short_name":"Euronews AR","available":true},{"id":520,"short_name":"Euronews EN","name":"Euronews English","services":[{"id":159,"desc":""}]},{"id":521,"short_name":"Euronews DE","name":"Euronews Deutsch","services":[{"id":160,"desc":""}]},{"id":522,"short_name":"Euronews PT","name":"Euronews Portugais","services":[{"id":161,"desc":""}]},{"id":523,"short_name":"Euronews RU","name":"Euronews Russe","services":[{"id":162,"desc":""}]},{"id":524,"short_name":"Euronews ESP","name":"Euronews Espagnol","services":[{"id":163,"desc":""}]},{"id":525,"short_name":"Euronews IT","name":"Euronews Italien","services":[{"id":164,"desc":""}]},{"id":526,"name":"BBC Prime Europe","services":[{"id":165,"desc":""}]},{"id":527,"name":"The Israeli Network","services":[{"id":26,"desc":""}]},{"id":528,"available":true,"name":"Inspiration Network","services":[{"id":443,"desc":""}]},{"id":529,"available":true,"name":"God TV","services":[{"id":166,"desc":""}]},{"id":530,"available":true,"name":"TVVi","services":[{"id":458,"desc":""}]},{"id":531,"available":true,"name":"Telesur","services":[{"id":460,"desc":""}]},{"id":532,"name":"Ritmoson Latino","services":[{"id":169,"desc":""}]},{"id":533,"name":"De pelicula","services":[{"id":170,"desc":""}]},{"id":534,"name":"TL Novelas","services":[{"id":171,"desc":""}]},{"id":535,"short_name":"Canal de las Est.","name":"Canal de las Estrellas","services":[{"id":172,"desc":""}]},{"id":536,"name":"Telehit","services":[{"id":173,"desc":""}]},{"id":537,"name":"TVE I","services":[{"id":174,"desc":""}]},{"id":538,"name":"Canal 24 Horas","services":[{"id":175,"desc":""}]},{"id":539,"available":true,"name":"ETB Sat","services":[{"id":176,"desc":""}]},{"id":540,"available":true,"name":"TVCi","services":[{"id":42,"desc":""}]},{"id":541,"available":true,"name":"Telenova","services":[{"id":451,"desc":""}]},{"id":542,"name":"Antenna 1","services":[{"id":517,"desc":""}]},{"id":543,"available":true,"name":"Rai Uno","services":[{"id":179,"desc":""}]},{"id":544,"available":true,"name":"Rai Due","services":[{"id":180,"desc":""}]},{"id":545,"available":true,"name":"Rai Tre","services":[{"id":181,"desc":""}]},{"id":546,"name":"Mediaset Italia","services":[{"id":589,"desc":""}]},{"id":547,"name":"RTR Planeta","services":[{"id":189,"desc":""}]},{"id":548,"name":"Nashe Kino","services":[{"id":182,"desc":""}]},{"id":549,"name":"Detski Mir\/Teleclub","services":[{"id":183,"desc":""}]},{"id":550,"name":"RTVI","services":[{"id":184,"desc":""}]},{"id":551,"name":"TVN 24","services":[{"id":540,"desc":""}]},{"id":552,"available":true,"name":"TV Romania","services":[{"id":188,"desc":""}]},{"id":553,"available":true,"name":"Bulgaria TV","services":[{"id":187,"desc":""}]},{"id":554,"available":true,"name":"IMED TV","services":[{"id":588,"desc":""}]},{"id":555,"available":true,"name":"ERT World","services":[{"id":444,"desc":""}]},{"id":556,"available":true,"name":"Extra 3 Channel","services":[{"id":445,"desc":""}]},{"id":557,"name":"RTV Pink Plus","services":[{"id":192,"desc":""}]},{"id":558,"name":"RTV Pink Extra","services":[{"id":193,"desc":""}]},{"id":559,"available":true,"name":"TV Biznes","services":[{"id":194,"desc":""}]},{"id":560,"name":"TV Polonia","services":[{"id":186,"desc":""}]},{"id":561,"name":"TVP Kultura","services":[{"id":319,"desc":""}]},{"id":562,"name":"TVP Info","services":[{"id":320,"desc":""}]},{"id":563,"name":"ITVN","services":[{"id":541,"desc":""}]},{"id":564,"available":true,"name":"2M Maroc","services":[{"id":195,"desc":""}]},{"id":565,"available":true,"name":"TVM Europe","services":[{"id":196,"desc":""}]},{"id":566,"available":true,"name":"Canal Algérie","services":[{"id":197,"desc":""}]},{"id":567,"available":true,"name":"TV7 Tunisia","services":[{"id":198,"desc":""}]},{"id":568,"available":true,"name":"Al Masriya","services":[{"id":200,"desc":""}]},{"id":569,"available":true,"name":"Al Jazeera","services":[{"id":201,"desc":""}]},{"id":570,"available":true,"name":"Al Jazeera Children","services":[{"id":202,"desc":""}]},{"id":571,"name":"Prime Sports","services":[{"id":203,"desc":""}]},{"id":572,"name":"ART Cinema","services":[{"id":204,"desc":""}]},{"id":573,"name":"ART Movies","services":[{"id":205,"desc":""}]},{"id":574,"name":"Al Hekayat","services":[{"id":206,"desc":""}]},{"id":575,"name":"Iqra","services":[{"id":19,"desc":""}]},{"id":576,"name":"ART Aflam 2","services":[{"id":20,"desc":""}]},{"id":577,"name":"Future News","services":[{"id":21,"desc":""}]},{"id":578,"name":"MBC","services":[{"id":22,"desc":""}]},{"id":579,"name":"LBC Europe","services":[{"id":23,"desc":""}]},{"id":580,"name":"ART Hekayat Zaman","services":[{"id":24,"desc":""}]},{"id":581,"name":"O'TV","services":[{"id":413,"desc":""}]},{"id":582,"available":true,"name":"Powertürk TV","services":[{"id":323,"desc":""}]},{"id":583,"available":true,"name":"TRT1","services":[{"id":324,"desc":""}]},{"id":584,"name":"Kanal D","services":[{"id":56,"desc":""}]},{"id":585,"name":"Star TV","services":[{"id":57,"desc":""}]},{"id":586,"available":true,"name":"TRT Cocuk","services":[{"id":544,"desc":""}]},{"id":587,"name":"Haber Turk","services":[{"id":51,"desc":""}]},{"id":588,"name":"ATV Avrupa","services":[{"id":52,"desc":""}]},{"id":589,"available":true,"name":"Kanal 24","services":[{"id":25,"desc":""}]},{"id":590,"available":true,"name":"TRT INT","services":[{"id":53,"desc":""}]},{"id":591,"available":true,"name":"Kanal 7 INT","services":[{"id":54,"desc":""}]},{"id":592,"available":true,"name":"Samanyolu TV","services":[{"id":44,"desc":""}]},{"id":593,"available":true,"name":"TVT","services":[{"id":45,"desc":""}]},{"id":594,"available":true,"name":"Hilal TV","services":[{"id":46,"desc":""}]},{"id":595,"available":true,"name":"Kanal Avrupa","services":[{"id":47,"desc":""}]},{"id":596,"name":"TGRT EU","services":[{"id":50,"desc":""}]},{"id":597,"name":"Turkmax","services":[{"id":429,"desc":""}]},{"id":598,"name":"Lig TV","services":[{"id":430,"desc":""}]},{"id":599,"name":"Show Turk","services":[{"id":431,"desc":""}]},{"id":600,"name":"Aag TV","services":[{"id":432,"desc":""}]},{"id":601,"name":"GeoTV","services":[{"id":433,"desc":""}]},{"id":602,"name":"GeoNews","services":[{"id":434,"desc":""}]},{"id":603,"name":"PTV Global","services":[{"id":435,"desc":""}]},{"id":604,"name":"Aaj Tak","services":[{"id":437,"desc":""}]},{"id":605,"name":"NDTV","services":[{"id":438,"desc":""}]},{"id":606,"available":true,"name":"Vietnam VTV4","services":[{"id":454,"desc":""}]},{"id":607,"name":"CTN","services":[{"id":439,"desc":""}]},{"id":608,"name":"TVK","services":[{"id":440,"desc":""}]},{"id":609,"name":"KBS","services":[{"id":504,"desc":""}]},{"id":610,"name":"SIC","services":[{"id":318,"desc":""}]},{"id":611,"available":true,"name":"RTPi","services":[{"id":178,"desc":""}]},{"id":614,"short_name":"TV Globo Int","name":"TV Globo Internacional","services":[{"id":453,"desc":""}]},{"name":"Record Internacional","services":[{"id":459,"desc":""}],"id":615,"short_name":"Record Int.","available":true},{"name":"Arte Allemand","services":[{"id":167,"desc":""}],"id":630,"short_name":"Arte DE","available":true},{"id":631,"available":true,"name":"DW-TV","services":[{"id":168,"desc":""}]},{"id":635,"available":true,"name":"Suroyo TV","services":[{"id":450,"desc":""}]},{"id":636,"available":true,"name":"RTCG Sat","services":[{"id":447,"desc":""}]},{"id":639,"short_name":"TBO","name":"Tamil Box Office","services":[{"id":542,"desc":""}]},{"id":640,"available":true,"name":"Kuwait TV","services":[{"id":448,"desc":""}]},{"id":641,"available":true,"name":"Kuwait TV2","services":[{"id":576,"desc":""}]},{"id":642,"available":true,"name":"Ishtar TV","services":[{"id":456,"desc":""}]},{"id":643,"available":true,"name":"Yemen TV","services":[{"id":446,"desc":""}]},{"id":644,"available":true,"name":"Dubai TV","services":[{"id":492,"desc":""}]},{"id":645,"available":true,"name":"Abu Dhabi TV","services":[{"id":493,"desc":""}]},{"id":646,"available":true,"name":"Baraem","services":[{"id":494,"desc":""}]},{"id":647,"name":"Bayon TV","services":[{"id":549,"desc":""}]},{"name":"Jordan Satellite Channel","services":[{"id":449,"desc":""}],"id":648,"short_name":"Jordan Sat Channel","available":true},{"id":649,"name":"Kurd 1","services":[{"id":537,"desc":""}]},{"name":"Armenia Public TV","services":[{"id":199,"desc":""}],"id":650,"short_name":"Armenian Public TV","available":true},{"id":651,"available":true,"name":"Armenia TV","services":[{"id":495,"desc":""}]},{"id":652,"name":"Shant TV","services":[{"id":496,"desc":""}]},{"id":653,"available":true,"name":"Vesti","services":[{"id":538,"desc":""}]},{"id":654,"name":"Murr TV","services":[{"id":593,"desc":""}]},{"id":655,"name":"NBN","services":[{"id":594,"desc":""}]},{"id":656,"name":"Future TV","services":[{"id":595,"desc":""}]},{"id":658,"name":"Al Jadeed","services":[{"id":596,"desc":""}]},{"id":659,"available":true,"name":"Press TV","services":[{"id":608,"desc":""}]},{"id":660,"name":"Al Nas","services":[{"id":552,"desc":""}]},{"id":661,"short_name":"AM H. Quran","name":"AlMajd Holy Quran","services":[{"id":553,"desc":""}]},{"id":662,"short_name":"AM Al Hadeeth","name":"Almajd Al Hadeeth Al Nabawy","services":[{"id":554,"desc":""}]},{"id":663,"short_name":"AM Space C.","name":"AlMajd Space Channel","services":[{"id":555,"desc":""}]},{"id":665,"name":"Al Hafez","services":[{"id":562,"desc":""}]},{"id":666,"name":"Aamal","services":[{"id":563,"desc":""}]},{"id":680,"available":true,"name":"NHK","services":[{"id":558,"desc":""}]},{"id":681,"name":"JSTV 1","services":[{"id":560,"desc":""}]},{"id":682,"name":"JSTV 2","services":[{"id":561,"desc":""}]},{"id":686,"name":"Star one","services":[{"id":570,"desc":""}]},{"id":687,"name":"Star news","services":[{"id":571,"desc":""}]},{"id":688,"name":"Star plus","services":[{"id":572,"desc":""}]},{"id":689,"name":"Star gold","services":[{"id":573,"desc":""}]},{"id":690,"name":"Channel 1 Russia","services":[{"id":191,"desc":""}]},{"id":691,"name":"Dom Kino","services":[{"id":590,"desc":""}]},{"id":692,"name":"Muzika Pervoyo","services":[{"id":591,"desc":""}]},{"id":693,"name":"Vremya","services":[{"id":592,"desc":""}]},{"id":694,"available":true,"name":"Russia Today","services":[{"id":457,"desc":""}]},{"name":"Mire FREEBOX","services":[{"id":55,"desc":""}],"id":999,"short_name":"Mire","available":true}]